CREATE DATABASE dbd_project;
USE dbd_project;

CREATE TABLE EMP
(
   EMP_NUM              VARCHAR(10) NOT NULL ,
   EMP_NM               VARCHAR(50) NOT NULL ,
   IDNUM                VARCHAR(14) NOT NULL ,
   ACDMCR               VARCHAR(50) NOT NULL ,
   ID                   VARCHAR(50) NOT NULL ,
   EMP_SRTCD            VARCHAR(5) NOT NULL 
);

CREATE UNIQUE INDEX XPK직원 ON EMP
(EMP_NUM   ASC);

CREATE TABLE DEV
(
   EMP_NUM              VARCHAR(10) NOT NULL ,
   CAREER               INT(2) NULL ,
   TCHNLGY_GRAD         VARCHAR(10) NULL 
);

CREATE UNIQUE INDEX XPK개발자 ON DEV
(EMP_NUM   ASC);

CREATE TABLE PRJCT
(
   PRJCT_NUM            VARCHAR(10) NOT NULL ,
   PRJCT_NM             VARCHAR(50) NOT NULL ,
   OUTSET_DE            DATE NOT NULL ,
   ENDDE                DATE NOT NULL ,
   ORNT                 VARCHAR(10) NOT NULL 
);

CREATE UNIQUE INDEX XPK프로젝트 ON PRJCT(PRJCT_NUM   ASC);

ALTER TABLE PRJCT
   ADD CONSTRAINT  XPK프로젝트 PRIMARY KEY (PRJCT_NUM);

CREATE TABLE DEV_PRJCT
(
   PRJCT_NUM            VARCHAR(10) NOT NULL ,
   PARTCPTN_BGNDE       DATE NOT NULL ,
   DTY                  VARCHAR(10) NOT NULL ,
   SKLST                VARCHAR(10) NULL ,
   PARTCPTN_ENDDE       DATE NOT NULL ,
   EMP_NUM              VARCHAR(10) NOT NULL 
);

CREATE UNIQUE INDEX XPK개발자프로젝트 ON DEV_PRJCT
(PRJCT_NUM   ASC,EMP_NUM   ASC);

ALTER TABLE DEV_PRJCT
   ADD CONSTRAINT  XPK개발자프로젝트 PRIMARY KEY (PRJCT_NUM,EMP_NUM);

CREATE TABLE APRSL
(
   APRSL_KND            VARCHAR(10) NOT NULL ,
   APRSL_ITEM           VARCHAR(10) NOT NULL ,
   GRAD                 INT(2) NULL ,
   APRSL_CN             VARCHAR(255) NULL ,
   PRJCT_NUM            VARCHAR(10) NOT NULL ,
   APRSE                VARCHAR(10) NOT NULL ,
   APRSL_NUM            VARCHAR(10) NOT NULL 
);

CREATE UNIQUE INDEX XPK평가 ON APRSL
(APRSE   ASC,PRJCT_NUM   ASC,APRSL_KND   ASC,APRSL_ITEM   ASC,APRSL_NUM   ASC);

ALTER TABLE APRSL
   ADD CONSTRAINT  XPK평가 PRIMARY KEY (APRSE,PRJCT_NUM,APRSL_KND,APRSL_ITEM,APRSL_NUM);

CREATE TABLE CLTCDSRT
(
   CLTCD                VARCHAR(10) NOT NULL ,
   COMPANY_NM           VARCHAR(50) NULL 
);

CREATE UNIQUE INDEX XPK고객사코드분류 ON CLTCDSRT
(CLTCD   ASC);

ALTER TABLE CLTCDSRT
   ADD CONSTRAINT  XPK고객사코드분류 PRIMARY KEY (CLTCD);

CREATE TABLE APRSL_EMP
(
   PRJCT_NUM            VARCHAR(10) NOT NULL ,
   APRSL_NUM            VARCHAR(10) NOT NULL 
);

CREATE UNIQUE INDEX XPK평가직원 ON APRSL_EMP
(APRSL_NUM   ASC);

ALTER TABLE APRSL_EMP
   ADD CONSTRAINT  XPK평가직원 PRIMARY KEY (APRSL_NUM);

ALTER TABLE DEV
   ADD CONSTRAINT  XPK개발자 PRIMARY KEY (EMP_NUM);

ALTER TABLE EMP
   ADD CONSTRAINT  XPK직원 PRIMARY KEY (EMP_NUM);

ALTER TABLE DEV_PRJCT
   ADD (CONSTRAINT R_13 FOREIGN KEY (PRJCT_NUM) REFERENCES PRJCT (PRJCT_NUM));

ALTER TABLE DEV_PRJCT
   ADD (CONSTRAINT R_59 FOREIGN KEY (EMP_NUM) REFERENCES DEV (EMP_NUM));

ALTER TABLE APRSL
   ADD (CONSTRAINT R_29 FOREIGN KEY (PRJCT_NUM, APRSE) REFERENCES DEV_PRJCT (PRJCT_NUM, EMP_NUM));

ALTER TABLE APRSL
   ADD (CONSTRAINT R_62 FOREIGN KEY (APRSL_NUM) REFERENCES APRSL_EMP (APRSL_NUM));

ALTER TABLE APRSL_EMP
   ADD (CONSTRAINT R_64 FOREIGN KEY (PRJCT_NUM, APRSL_NUM) REFERENCES DEV_PRJCT (PRJCT_NUM, EMP_NUM));

ALTER TABLE DEV
   ADD (CONSTRAINT R_4 FOREIGN KEY (EMP_NUM) REFERENCES EMP (EMP_NUM) ON DELETE CASCADE);

INSERT INTO EMP (EMP_NUM, EMP_NM, IDNUM, ID, ACDMCR, EMP_SRTCD )VALUES ('e0001','김민준','860716-2159765','emp001','BD','10');
INSERT INTO EMP (EMP_NUM, EMP_NM, IDNUM, ID, ACDMCR, EMP_SRTCD )VALUES ('e0002','김서준','861024-2802499','emp002','BD','10');
INSERT INTO EMP (EMP_NUM, EMP_NM, IDNUM, ID, ACDMCR, EMP_SRTCD )VALUES ('e0003','김예준','800707-2674572','emp003','BD','10');
INSERT INTO EMP (EMP_NUM, EMP_NM, IDNUM, ID, ACDMCR, EMP_SRTCD )VALUES ('e0004','김도윤','800321-2435194','emp004','BD','10');
INSERT INTO EMP (EMP_NUM, EMP_NM, IDNUM, ID, ACDMCR, EMP_SRTCD )VALUES ('e0005','김주원','810308-2447372','emp005','BD','10');
INSERT INTO EMP (EMP_NUM, EMP_NM, IDNUM, ID, ACDMCR, EMP_SRTCD )VALUES ('e0006','김시우','800702-2422895','emp006','BD','11');
INSERT INTO EMP (EMP_NUM, EMP_NM, IDNUM, ID, ACDMCR, EMP_SRTCD )VALUES ('e0007','김지후','841217-2518804','emp007','BD','11');
INSERT INTO EMP (EMP_NUM, EMP_NM, IDNUM, ID, ACDMCR, EMP_SRTCD )VALUES ('e0008','김준서','810325-1057085','emp008','BD','11');
INSERT INTO EMP (EMP_NUM, EMP_NM, IDNUM, ID, ACDMCR, EMP_SRTCD )VALUES ('e0009','김지호','870719-1427816','emp009','BD','11');
INSERT INTO EMP (EMP_NUM, EMP_NM, IDNUM, ID, ACDMCR, EMP_SRTCD )VALUES ('e0010','김하준','850513-1521794','emp010','BD','11');
INSERT INTO EMP (EMP_NUM, EMP_NM, IDNUM, ID, ACDMCR, EMP_SRTCD )VALUES ('e0011','김현우','821119-2706519','emp011','BD','12');
INSERT INTO EMP (EMP_NUM, EMP_NM, IDNUM, ID, ACDMCR, EMP_SRTCD )VALUES ('e0012','김준우','811122-1995586','emp012','BD','12');
INSERT INTO EMP (EMP_NUM, EMP_NM, IDNUM, ID, ACDMCR, EMP_SRTCD )VALUES ('e0013','김지훈','880403-2921455','emp013','BD','12');
INSERT INTO EMP (EMP_NUM, EMP_NM, IDNUM, ID, ACDMCR, EMP_SRTCD )VALUES ('e0014','김도현','820618-1692542','emp014','BD','12');
INSERT INTO EMP (EMP_NUM, EMP_NM, IDNUM, ID, ACDMCR, EMP_SRTCD )VALUES ('e0015','김건우','830422-1149189','emp015','BD','12');
INSERT INTO EMP (EMP_NUM, EMP_NM, IDNUM, ID, ACDMCR, EMP_SRTCD )VALUES ('e0016','김우진','850921-2915224','emp016','BD','12');
INSERT INTO EMP (EMP_NUM, EMP_NM, IDNUM, ID, ACDMCR, EMP_SRTCD )VALUES ('e0017','김현준','840521-2458785','emp017','BD','12');
INSERT INTO EMP (EMP_NUM, EMP_NM, IDNUM, ID, ACDMCR, EMP_SRTCD )VALUES ('e0018','김민재','830526-1453836','emp018','BD','12');
INSERT INTO EMP (EMP_NUM, EMP_NM, IDNUM, ID, ACDMCR, EMP_SRTCD )VALUES ('e0019','김선우','880301-1265123','emp019','BD','12');
INSERT INTO EMP (EMP_NUM, EMP_NM, IDNUM, ID, ACDMCR, EMP_SRTCD )VALUES ('e0020','김서진','800428-2920371','emp020','BD','12');
INSERT INTO EMP (EMP_NUM, EMP_NM, IDNUM, ID, ACDMCR, EMP_SRTCD )VALUES ('e0021','김연우','860809-1574184','emp021','BD','13');
INSERT INTO EMP (EMP_NUM, EMP_NM, IDNUM, ID, ACDMCR, EMP_SRTCD )VALUES ('e0022','김정우','830503-2353522','emp022','BD','13');
INSERT INTO EMP (EMP_NUM, EMP_NM, IDNUM, ID, ACDMCR, EMP_SRTCD )VALUES ('e0023','김준혁','820718-1030629','emp023','BD','13');
INSERT INTO EMP (EMP_NUM, EMP_NM, IDNUM, ID, ACDMCR, EMP_SRTCD )VALUES ('e0024','김승현','850726-1455173','emp024','BD','13');
INSERT INTO EMP (EMP_NUM, EMP_NM, IDNUM, ID, ACDMCR, EMP_SRTCD )VALUES ('e0025','김지환','880303-2746261','emp025','BD','13');
INSERT INTO EMP (EMP_NUM, EMP_NM, IDNUM, ID, ACDMCR, EMP_SRTCD )VALUES ('e0026','김승우','860101-1736819','emp026','BD','13');
INSERT INTO EMP (EMP_NUM, EMP_NM, IDNUM, ID, ACDMCR, EMP_SRTCD )VALUES ('e0027','김유준','831022-1923718','emp027','BD','13');
INSERT INTO EMP (EMP_NUM, EMP_NM, IDNUM, ID, ACDMCR, EMP_SRTCD )VALUES ('e0028','김승민','851218-1778366','emp028','BD','13');
INSERT INTO EMP (EMP_NUM, EMP_NM, IDNUM, ID, ACDMCR, EMP_SRTCD )VALUES ('e0029','김민성','870209-1549908','emp029','BD','13');
INSERT INTO EMP (EMP_NUM, EMP_NM, IDNUM, ID, ACDMCR, EMP_SRTCD )VALUES ('e0030','김준영','840713-1230975','emp030','BD','13');
INSERT INTO EMP (EMP_NUM, EMP_NM, IDNUM, ID, ACDMCR, EMP_SRTCD )VALUES ('e0031','김지우','880204-2984737','emp031','BD','13');
INSERT INTO EMP (EMP_NUM, EMP_NM, IDNUM, ID, ACDMCR, EMP_SRTCD )VALUES ('e0032','김시윤','860320-1167793','emp032','BD','13');
INSERT INTO EMP (EMP_NUM, EMP_NM, IDNUM, ID, ACDMCR, EMP_SRTCD )VALUES ('e0033','김유찬','821228-1499671','emp033','BD','13');
INSERT INTO EMP (EMP_NUM, EMP_NM, IDNUM, ID, ACDMCR, EMP_SRTCD )VALUES ('e0034','김진우','850906-2542799','emp034','BD','13');
INSERT INTO EMP (EMP_NUM, EMP_NM, IDNUM, ID, ACDMCR, EMP_SRTCD )VALUES ('e0035','김지원','820411-2129106','emp035','BD','13');
INSERT INTO EMP (EMP_NUM, EMP_NM, IDNUM, ID, ACDMCR, EMP_SRTCD )VALUES ('e0036','김시후','820614-1174087','emp036','BD','13');
INSERT INTO EMP (EMP_NUM, EMP_NM, IDNUM, ID, ACDMCR, EMP_SRTCD )VALUES ('e0037','김수현','801202-1501585','emp037','BD','13');
INSERT INTO EMP (EMP_NUM, EMP_NM, IDNUM, ID, ACDMCR, EMP_SRTCD )VALUES ('e0038','김윤우','840302-2986180','emp038','BD','13');
INSERT INTO EMP (EMP_NUM, EMP_NM, IDNUM, ID, ACDMCR, EMP_SRTCD )VALUES ('e0039','김은우','820719-2761245','emp039','BD','13');
INSERT INTO EMP (EMP_NUM, EMP_NM, IDNUM, ID, ACDMCR, EMP_SRTCD )VALUES ('e0040','김동현','800923-2779394','emp040','BD','13');
INSERT INTO EMP (EMP_NUM, EMP_NM, IDNUM, ID, ACDMCR, EMP_SRTCD )VALUES ('e0041','김민규','820424-1334926','emp041','BD','13');
INSERT INTO EMP (EMP_NUM, EMP_NM, IDNUM, ID, ACDMCR, EMP_SRTCD )VALUES ('e0042','김재윤','870524-1484156','emp042','BD','13');
INSERT INTO EMP (EMP_NUM, EMP_NM, IDNUM, ID, ACDMCR, EMP_SRTCD )VALUES ('e0043','김재원','870316-1656599','emp043','BD','13');
INSERT INTO EMP (EMP_NUM, EMP_NM, IDNUM, ID, ACDMCR, EMP_SRTCD )VALUES ('e0044','김민우','890503-1057735','emp044','BD','13');
INSERT INTO EMP (EMP_NUM, EMP_NM, IDNUM, ID, ACDMCR, EMP_SRTCD )VALUES ('e0045','김태윤','860327-2482734','emp045','BD','13');
INSERT INTO EMP (EMP_NUM, EMP_NM, IDNUM, ID, ACDMCR, EMP_SRTCD )VALUES ('e0046','김재민','840727-1541564','emp046','BD','13');
INSERT INTO EMP (EMP_NUM, EMP_NM, IDNUM, ID, ACDMCR, EMP_SRTCD )VALUES ('e0047','김시현','810128-2908582','emp047','BD','13');
INSERT INTO EMP (EMP_NUM, EMP_NM, IDNUM, ID, ACDMCR, EMP_SRTCD )VALUES ('e0048','김은찬','880909-2495537','emp048','BD','13');
INSERT INTO EMP (EMP_NUM, EMP_NM, IDNUM, ID, ACDMCR, EMP_SRTCD )VALUES ('e0049','김한결','800615-1262706','emp049','BD','13');
INSERT INTO EMP (EMP_NUM, EMP_NM, IDNUM, ID, ACDMCR, EMP_SRTCD )VALUES ('e0050','김민찬','880412-2230795','emp050','BD','13');
INSERT INTO EMP (EMP_NUM, EMP_NM, IDNUM, ID, ACDMCR, EMP_SRTCD )VALUES ('e0051','김윤호','840320-2528933','emp051','BD','13');
INSERT INTO EMP (EMP_NUM, EMP_NM, IDNUM, ID, ACDMCR, EMP_SRTCD )VALUES ('e0052','김시원','850321-1743621','emp052','BD','13');
INSERT INTO EMP (EMP_NUM, EMP_NM, IDNUM, ID, ACDMCR, EMP_SRTCD )VALUES ('e0053','김현서','830724-1151819','emp053','BD','13');
INSERT INTO EMP (EMP_NUM, EMP_NM, IDNUM, ID, ACDMCR, EMP_SRTCD )VALUES ('e0054','김성민','890612-2689162','emp054','BD','13');
INSERT INTO EMP (EMP_NUM, EMP_NM, IDNUM, ID, ACDMCR, EMP_SRTCD )VALUES ('e0055','김성현','820328-2385702','emp055','BD','13');
INSERT INTO EMP (EMP_NUM, EMP_NM, IDNUM, ID, ACDMCR, EMP_SRTCD )VALUES ('e0056','김준호','841002-2273861','emp056','BD','13');
INSERT INTO EMP (EMP_NUM, EMP_NM, IDNUM, ID, ACDMCR, EMP_SRTCD )VALUES ('e0057','김승준','870521-1284312','emp057','BD','13');
INSERT INTO EMP (EMP_NUM, EMP_NM, IDNUM, ID, ACDMCR, EMP_SRTCD )VALUES ('e0058','김재현','860703-2626549','emp058','BD','13');
INSERT INTO EMP (EMP_NUM, EMP_NM, IDNUM, ID, ACDMCR, EMP_SRTCD )VALUES ('e0059','김태현','870816-1804227','emp059','BD','13');
INSERT INTO EMP (EMP_NUM, EMP_NM, IDNUM, ID, ACDMCR, EMP_SRTCD )VALUES ('e0060','김민혁','880724-1728095','emp060','BD','13');
INSERT INTO EMP (EMP_NUM, EMP_NM, IDNUM, ID, ACDMCR, EMP_SRTCD )VALUES ('e0061','김태민','880819-2194325','emp061','BD','13');
INSERT INTO EMP (EMP_NUM, EMP_NM, IDNUM, ID, ACDMCR, EMP_SRTCD )VALUES ('e0062','김지성','870309-1269012','emp062','BD','13');
INSERT INTO EMP (EMP_NUM, EMP_NM, IDNUM, ID, ACDMCR, EMP_SRTCD )VALUES ('e0063','김예성','831118-2004771','emp063','BD','13');
INSERT INTO EMP (EMP_NUM, EMP_NM, IDNUM, ID, ACDMCR, EMP_SRTCD )VALUES ('e0064','김수호','860321-1792621','emp064','BD','13');
INSERT INTO EMP (EMP_NUM, EMP_NM, IDNUM, ID, ACDMCR, EMP_SRTCD )VALUES ('e0065','김민호','830509-2896068','emp065','BD','13');
INSERT INTO EMP (EMP_NUM, EMP_NM, IDNUM, ID, ACDMCR, EMP_SRTCD )VALUES ('e0066','김성준','800206-2224386','emp066','BD','13');
INSERT INTO EMP (EMP_NUM, EMP_NM, IDNUM, ID, ACDMCR, EMP_SRTCD )VALUES ('e0067','김하율','850106-2638633','emp067','BD','13');
INSERT INTO EMP (EMP_NUM, EMP_NM, IDNUM, ID, ACDMCR, EMP_SRTCD )VALUES ('e0068','김시온','860110-1382926','emp068','BD','13');
INSERT INTO EMP (EMP_NUM, EMP_NM, IDNUM, ID, ACDMCR, EMP_SRTCD )VALUES ('e0069','김정민','811228-1046360','emp069','BD','13');
INSERT INTO EMP (EMP_NUM, EMP_NM, IDNUM, ID, ACDMCR, EMP_SRTCD )VALUES ('e0070','김우빈','830123-2419501','emp070','BD','13');
INSERT INTO EMP (EMP_NUM, EMP_NM, IDNUM, ID, ACDMCR, EMP_SRTCD )VALUES ('e0071','김지율','810605-2537137','emp071','BD','13');
INSERT INTO EMP (EMP_NUM, EMP_NM, IDNUM, ID, ACDMCR, EMP_SRTCD )VALUES ('e0072','김규민','840720-1069473','emp072','BD','13');
INSERT INTO EMP (EMP_NUM, EMP_NM, IDNUM, ID, ACDMCR, EMP_SRTCD )VALUES ('e0073','김윤성','851102-2582186','emp073','BD','13');
INSERT INTO EMP (EMP_NUM, EMP_NM, IDNUM, ID, ACDMCR, EMP_SRTCD )VALUES ('e0074','김민석','840709-2657959','emp074','BD','13');
INSERT INTO EMP (EMP_NUM, EMP_NM, IDNUM, ID, ACDMCR, EMP_SRTCD )VALUES ('e0075','김지안','880507-1978818','emp075','BD','13');
INSERT INTO EMP (EMP_NUM, EMP_NM, IDNUM, ID, ACDMCR, EMP_SRTCD )VALUES ('e0076','김준수','860321-2699260','emp076','BD','13');
INSERT INTO EMP (EMP_NUM, EMP_NM, IDNUM, ID, ACDMCR, EMP_SRTCD )VALUES ('e0077','김지민','890805-2654863','emp077','BD','13');
INSERT INTO EMP (EMP_NUM, EMP_NM, IDNUM, ID, ACDMCR, EMP_SRTCD )VALUES ('e0078','김준','890415-1361042','emp078','BD','13');
INSERT INTO EMP (EMP_NUM, EMP_NM, IDNUM, ID, ACDMCR, EMP_SRTCD )VALUES ('e0079','김은성','840716-1959191','emp079','BD','13');
INSERT INTO EMP (EMP_NUM, EMP_NM, IDNUM, ID, ACDMCR, EMP_SRTCD )VALUES ('e0080','김예찬','850517-1994914','emp080','BD','13');

INSERT INTO DEV (EMP_NUM, CAREER, TCHNLGY_GRAD)VALUES ('e0021','3','하');
INSERT INTO DEV (EMP_NUM, CAREER, TCHNLGY_GRAD)VALUES ('e0022','3','하');
INSERT INTO DEV (EMP_NUM, CAREER, TCHNLGY_GRAD)VALUES ('e0023','3','하');
INSERT INTO DEV (EMP_NUM, CAREER, TCHNLGY_GRAD)VALUES ('e0024','3','하');
INSERT INTO DEV (EMP_NUM, CAREER, TCHNLGY_GRAD)VALUES ('e0025','3','하');
INSERT INTO DEV (EMP_NUM, CAREER, TCHNLGY_GRAD)VALUES ('e0026','3','하');
INSERT INTO DEV (EMP_NUM, CAREER, TCHNLGY_GRAD)VALUES ('e0027','3','하');
INSERT INTO DEV (EMP_NUM, CAREER, TCHNLGY_GRAD)VALUES ('e0028','3','하');
INSERT INTO DEV (EMP_NUM, CAREER, TCHNLGY_GRAD)VALUES ('e0029','3','하');
INSERT INTO DEV (EMP_NUM, CAREER, TCHNLGY_GRAD)VALUES ('e0030','3','하');
INSERT INTO DEV (EMP_NUM, CAREER, TCHNLGY_GRAD)VALUES ('e0031','4','하');
INSERT INTO DEV (EMP_NUM, CAREER, TCHNLGY_GRAD)VALUES ('e0032','4','하');
INSERT INTO DEV (EMP_NUM, CAREER, TCHNLGY_GRAD)VALUES ('e0033','4','하');
INSERT INTO DEV (EMP_NUM, CAREER, TCHNLGY_GRAD)VALUES ('e0034','4','하');
INSERT INTO DEV (EMP_NUM, CAREER, TCHNLGY_GRAD)VALUES ('e0035','4','하');
INSERT INTO DEV (EMP_NUM, CAREER, TCHNLGY_GRAD)VALUES ('e0036','4','중');
INSERT INTO DEV (EMP_NUM, CAREER, TCHNLGY_GRAD)VALUES ('e0037','4','중');
INSERT INTO DEV (EMP_NUM, CAREER, TCHNLGY_GRAD)VALUES ('e0038','4','중');
INSERT INTO DEV (EMP_NUM, CAREER, TCHNLGY_GRAD)VALUES ('e0039','4','중');
INSERT INTO DEV (EMP_NUM, CAREER, TCHNLGY_GRAD)VALUES ('e0040','4','중');
INSERT INTO DEV (EMP_NUM, CAREER, TCHNLGY_GRAD)VALUES ('e0041','5','중');
INSERT INTO DEV (EMP_NUM, CAREER, TCHNLGY_GRAD)VALUES ('e0042','5','중');
INSERT INTO DEV (EMP_NUM, CAREER, TCHNLGY_GRAD)VALUES ('e0043','5','중');
INSERT INTO DEV (EMP_NUM, CAREER, TCHNLGY_GRAD)VALUES ('e0044','5','중');
INSERT INTO DEV (EMP_NUM, CAREER, TCHNLGY_GRAD)VALUES ('e0045','5','중');
INSERT INTO DEV (EMP_NUM, CAREER, TCHNLGY_GRAD)VALUES ('e0046','5','중');
INSERT INTO DEV (EMP_NUM, CAREER, TCHNLGY_GRAD)VALUES ('e0047','5','중');
INSERT INTO DEV (EMP_NUM, CAREER, TCHNLGY_GRAD)VALUES ('e0048','5','중');
INSERT INTO DEV (EMP_NUM, CAREER, TCHNLGY_GRAD)VALUES ('e0049','5','중');
INSERT INTO DEV (EMP_NUM, CAREER, TCHNLGY_GRAD)VALUES ('e0050','5','중');
INSERT INTO DEV (EMP_NUM, CAREER, TCHNLGY_GRAD)VALUES ('e0051','6','중');
INSERT INTO DEV (EMP_NUM, CAREER, TCHNLGY_GRAD)VALUES ('e0052','6','중');
INSERT INTO DEV (EMP_NUM, CAREER, TCHNLGY_GRAD)VALUES ('e0053','6','중');
INSERT INTO DEV (EMP_NUM, CAREER, TCHNLGY_GRAD)VALUES ('e0054','6','중');
INSERT INTO DEV (EMP_NUM, CAREER, TCHNLGY_GRAD)VALUES ('e0055','6','중');
INSERT INTO DEV (EMP_NUM, CAREER, TCHNLGY_GRAD)VALUES ('e0056','6','중');
INSERT INTO DEV (EMP_NUM, CAREER, TCHNLGY_GRAD)VALUES ('e0057','6','중');
INSERT INTO DEV (EMP_NUM, CAREER, TCHNLGY_GRAD)VALUES ('e0058','6','중');
INSERT INTO DEV (EMP_NUM, CAREER, TCHNLGY_GRAD)VALUES ('e0059','6','중');
INSERT INTO DEV (EMP_NUM, CAREER, TCHNLGY_GRAD)VALUES ('e0060','6','중');
INSERT INTO DEV (EMP_NUM, CAREER, TCHNLGY_GRAD)VALUES ('e0061','7','상');
INSERT INTO DEV (EMP_NUM, CAREER, TCHNLGY_GRAD)VALUES ('e0062','7','상');
INSERT INTO DEV (EMP_NUM, CAREER, TCHNLGY_GRAD)VALUES ('e0063','7','상');
INSERT INTO DEV (EMP_NUM, CAREER, TCHNLGY_GRAD)VALUES ('e0064','7','상');
INSERT INTO DEV (EMP_NUM, CAREER, TCHNLGY_GRAD)VALUES ('e0065','7','상');
INSERT INTO DEV (EMP_NUM, CAREER, TCHNLGY_GRAD)VALUES ('e0066','7','상');
INSERT INTO DEV (EMP_NUM, CAREER, TCHNLGY_GRAD)VALUES ('e0067','7','상');
INSERT INTO DEV (EMP_NUM, CAREER, TCHNLGY_GRAD)VALUES ('e0068','7','상');
INSERT INTO DEV (EMP_NUM, CAREER, TCHNLGY_GRAD)VALUES ('e0069','7','상');
INSERT INTO DEV (EMP_NUM, CAREER, TCHNLGY_GRAD)VALUES ('e0070','7','상');
INSERT INTO DEV (EMP_NUM, CAREER, TCHNLGY_GRAD)VALUES ('e0071','3','중');
INSERT INTO DEV (EMP_NUM, CAREER, TCHNLGY_GRAD)VALUES ('e0072','3','중');
INSERT INTO DEV (EMP_NUM, CAREER, TCHNLGY_GRAD)VALUES ('e0073','3','중');
INSERT INTO DEV (EMP_NUM, CAREER, TCHNLGY_GRAD)VALUES ('e0074','3','중');
INSERT INTO DEV (EMP_NUM, CAREER, TCHNLGY_GRAD)VALUES ('e0075','3','중');
INSERT INTO DEV (EMP_NUM, CAREER, TCHNLGY_GRAD)VALUES ('e0076','3','중');
INSERT INTO DEV (EMP_NUM, CAREER, TCHNLGY_GRAD)VALUES ('e0077','3','중');
INSERT INTO DEV (EMP_NUM, CAREER, TCHNLGY_GRAD)VALUES ('e0078','3','중');
INSERT INTO DEV (EMP_NUM, CAREER, TCHNLGY_GRAD)VALUES ('e0079','3','중');
INSERT INTO DEV (EMP_NUM, CAREER, TCHNLGY_GRAD)VALUES ('e0080','3','중');

INSERT INTO CLTCDSRT (CLTCD, COMPANY_NM)VALUES ('10','삼성전자');
INSERT INTO CLTCDSRT (CLTCD, COMPANY_NM)VALUES ('11','LG화학');
INSERT INTO CLTCDSRT (CLTCD, COMPANY_NM)VALUES ('12','메가스터디');
INSERT INTO CLTCDSRT (CLTCD, COMPANY_NM)VALUES ('13','이투스');
INSERT INTO CLTCDSRT (CLTCD, COMPANY_NM)VALUES ('14','블루홀');
INSERT INTO CLTCDSRT (CLTCD, COMPANY_NM)VALUES ('15','이스트소프트');
INSERT INTO CLTCDSRT (CLTCD, COMPANY_NM)VALUES ('16','넥슨');
INSERT INTO CLTCDSRT (CLTCD, COMPANY_NM)VALUES ('17','구글코리아');
INSERT INTO CLTCDSRT (CLTCD, COMPANY_NM)VALUES ('18','SK하이닉스');
INSERT INTO CLTCDSRT (CLTCD, COMPANY_NM)VALUES ('19','다나와');

INSERT INTO PRJCT (PRJCT_NUM, PRJCT_NM, OUTSET_DE, ENDDE, ORNT)VALUES ('0001','PROJ-01','2015-05-01','2015-10-01','10');
INSERT INTO PRJCT (PRJCT_NUM, PRJCT_NM, OUTSET_DE, ENDDE, ORNT)VALUES ('0002','PROJ-02','2015-06-01','2015-12-01','11');
INSERT INTO PRJCT (PRJCT_NUM, PRJCT_NM, OUTSET_DE, ENDDE, ORNT)VALUES ('0003','PROJ-03','2016-02-01','2016-10-01','12');
INSERT INTO PRJCT (PRJCT_NUM, PRJCT_NM, OUTSET_DE, ENDDE, ORNT)VALUES ('0004','PROJ-04','2017-01-01','2017-10-01','13');
INSERT INTO PRJCT (PRJCT_NUM, PRJCT_NM, OUTSET_DE, ENDDE, ORNT)VALUES ('0005','PROJ-05','2017-01-01','2017-12-01','14');
INSERT INTO PRJCT (PRJCT_NUM, PRJCT_NM, OUTSET_DE, ENDDE, ORNT)VALUES ('0006','PROJ-06','2017-03-01','2017-08-01','15');
INSERT INTO PRJCT (PRJCT_NUM, PRJCT_NM, OUTSET_DE, ENDDE, ORNT)VALUES ('0007','PROJ-07','2018-02-01','2018-06-01','16');
INSERT INTO PRJCT (PRJCT_NUM, PRJCT_NM, OUTSET_DE, ENDDE, ORNT)VALUES ('0008','PROJ-08','2018-03-01','2018-08-01','17');
INSERT INTO PRJCT (PRJCT_NUM, PRJCT_NM, OUTSET_DE, ENDDE, ORNT)VALUES ('0009','PROJ-09','2018-05-01','2018-08-01','18');
INSERT INTO PRJCT (PRJCT_NUM, PRJCT_NM, OUTSET_DE, ENDDE, ORNT)VALUES ('0010','PROJ-10','2018-08-01','2019-03-01','19');

INSERT INTO DEV_PRJCT (PRJCT_NUM, EMP_NUM, PARTCPTN_BGNDE, PARTCPTN_ENDDE, DTY, SKLST)VALUES ('0001','e0021','2015-05-01','2015-10-01','10','JAVA');
INSERT INTO DEV_PRJCT (PRJCT_NUM, EMP_NUM, PARTCPTN_BGNDE, PARTCPTN_ENDDE, DTY, SKLST)VALUES ('0001','e0022','2015-05-01','2015-10-01','11','JAVA');
INSERT INTO DEV_PRJCT (PRJCT_NUM, EMP_NUM, PARTCPTN_BGNDE, PARTCPTN_ENDDE, DTY, SKLST)VALUES ('0001','e0023','2015-05-01','2015-10-01','12','JAVA');
INSERT INTO DEV_PRJCT (PRJCT_NUM, EMP_NUM, PARTCPTN_BGNDE, PARTCPTN_ENDDE, DTY, SKLST)VALUES ('0001','e0024','2015-05-01','2015-10-01','13','JAVA');
INSERT INTO DEV_PRJCT (PRJCT_NUM, EMP_NUM, PARTCPTN_BGNDE, PARTCPTN_ENDDE, DTY, SKLST)VALUES ('0001','e0025','2015-05-01','2015-10-01','14','JAVA');
INSERT INTO DEV_PRJCT (PRJCT_NUM, EMP_NUM, PARTCPTN_BGNDE, PARTCPTN_ENDDE, DTY, SKLST)VALUES ('0001','e0026','2015-05-01','2015-10-01','15','JAVA');
INSERT INTO DEV_PRJCT (PRJCT_NUM, EMP_NUM, PARTCPTN_BGNDE, PARTCPTN_ENDDE, DTY, SKLST)VALUES ('0002','e0027','2015-06-01','2015-12-01','10','JAVA');
INSERT INTO DEV_PRJCT (PRJCT_NUM, EMP_NUM, PARTCPTN_BGNDE, PARTCPTN_ENDDE, DTY, SKLST)VALUES ('0002','e0028','2015-06-01','2015-12-01','11','JAVA');
INSERT INTO DEV_PRJCT (PRJCT_NUM, EMP_NUM, PARTCPTN_BGNDE, PARTCPTN_ENDDE, DTY, SKLST)VALUES ('0002','e0029','2015-06-01','2015-12-01','12','JAVA');
INSERT INTO DEV_PRJCT (PRJCT_NUM, EMP_NUM, PARTCPTN_BGNDE, PARTCPTN_ENDDE, DTY, SKLST)VALUES ('0002','e0030','2015-06-01','2015-12-01','13','JAVA');
INSERT INTO DEV_PRJCT (PRJCT_NUM, EMP_NUM, PARTCPTN_BGNDE, PARTCPTN_ENDDE, DTY, SKLST)VALUES ('0002','e0031','2015-06-01','2015-12-01','14','JAVA');
INSERT INTO DEV_PRJCT (PRJCT_NUM, EMP_NUM, PARTCPTN_BGNDE, PARTCPTN_ENDDE, DTY, SKLST)VALUES ('0002','e0032','2015-06-01','2015-12-01','15','JAVA');
INSERT INTO DEV_PRJCT (PRJCT_NUM, EMP_NUM, PARTCPTN_BGNDE, PARTCPTN_ENDDE, DTY, SKLST)VALUES ('0003','e0033','2016-02-01','2016-10-01','10','JAVA');
INSERT INTO DEV_PRJCT (PRJCT_NUM, EMP_NUM, PARTCPTN_BGNDE, PARTCPTN_ENDDE, DTY, SKLST)VALUES ('0003','e0034','2016-02-01','2016-10-01','11','JAVA');
INSERT INTO DEV_PRJCT (PRJCT_NUM, EMP_NUM, PARTCPTN_BGNDE, PARTCPTN_ENDDE, DTY, SKLST)VALUES ('0003','e0035','2016-02-01','2016-10-01','12','JAVA');
INSERT INTO DEV_PRJCT (PRJCT_NUM, EMP_NUM, PARTCPTN_BGNDE, PARTCPTN_ENDDE, DTY, SKLST)VALUES ('0003','e0036','2016-02-01','2016-10-01','13','JAVA');
INSERT INTO DEV_PRJCT (PRJCT_NUM, EMP_NUM, PARTCPTN_BGNDE, PARTCPTN_ENDDE, DTY, SKLST)VALUES ('0003','e0037','2016-02-01','2016-10-01','14','JAVA');
INSERT INTO DEV_PRJCT (PRJCT_NUM, EMP_NUM, PARTCPTN_BGNDE, PARTCPTN_ENDDE, DTY, SKLST)VALUES ('0003','e0038','2016-02-01','2016-10-01','15','JAVA');
INSERT INTO DEV_PRJCT (PRJCT_NUM, EMP_NUM, PARTCPTN_BGNDE, PARTCPTN_ENDDE, DTY, SKLST)VALUES ('0004','e0039','2017-01-01','2017-10-01','10','JAVA');
INSERT INTO DEV_PRJCT (PRJCT_NUM, EMP_NUM, PARTCPTN_BGNDE, PARTCPTN_ENDDE, DTY, SKLST)VALUES ('0004','e0040','2017-01-01','2017-10-01','11','JAVA');
INSERT INTO DEV_PRJCT (PRJCT_NUM, EMP_NUM, PARTCPTN_BGNDE, PARTCPTN_ENDDE, DTY, SKLST)VALUES ('0004','e0041','2017-01-01','2017-10-01','12','JAVA');
INSERT INTO DEV_PRJCT (PRJCT_NUM, EMP_NUM, PARTCPTN_BGNDE, PARTCPTN_ENDDE, DTY, SKLST)VALUES ('0004','e0042','2017-01-01','2017-10-01','13','JAVA');
INSERT INTO DEV_PRJCT (PRJCT_NUM, EMP_NUM, PARTCPTN_BGNDE, PARTCPTN_ENDDE, DTY, SKLST)VALUES ('0004','e0043','2017-01-01','2017-10-01','14','JAVA');
INSERT INTO DEV_PRJCT (PRJCT_NUM, EMP_NUM, PARTCPTN_BGNDE, PARTCPTN_ENDDE, DTY, SKLST)VALUES ('0004','e0044','2017-01-01','2017-10-01','15','JAVA');
INSERT INTO DEV_PRJCT (PRJCT_NUM, EMP_NUM, PARTCPTN_BGNDE, PARTCPTN_ENDDE, DTY, SKLST)VALUES ('0005','e0045','2017-01-01','2017-12-01','10','JAVA');
INSERT INTO DEV_PRJCT (PRJCT_NUM, EMP_NUM, PARTCPTN_BGNDE, PARTCPTN_ENDDE, DTY, SKLST)VALUES ('0005','e0046','2017-01-01','2017-12-01','11','JAVA');
INSERT INTO DEV_PRJCT (PRJCT_NUM, EMP_NUM, PARTCPTN_BGNDE, PARTCPTN_ENDDE, DTY, SKLST)VALUES ('0005','e0047','2017-01-01','2017-12-01','12','JAVA');
INSERT INTO DEV_PRJCT (PRJCT_NUM, EMP_NUM, PARTCPTN_BGNDE, PARTCPTN_ENDDE, DTY, SKLST)VALUES ('0005','e0048','2017-01-01','2017-12-01','13','JAVA');
INSERT INTO DEV_PRJCT (PRJCT_NUM, EMP_NUM, PARTCPTN_BGNDE, PARTCPTN_ENDDE, DTY, SKLST)VALUES ('0005','e0049','2017-01-01','2017-12-01','14','JAVA');
INSERT INTO DEV_PRJCT (PRJCT_NUM, EMP_NUM, PARTCPTN_BGNDE, PARTCPTN_ENDDE, DTY, SKLST)VALUES ('0005','e0050','2017-01-01','2017-12-01','15','JAVA');
INSERT INTO DEV_PRJCT (PRJCT_NUM, EMP_NUM, PARTCPTN_BGNDE, PARTCPTN_ENDDE, DTY, SKLST)VALUES ('0006','e0051','2017-03-01','2017-08-01','10','JAVA');
INSERT INTO DEV_PRJCT (PRJCT_NUM, EMP_NUM, PARTCPTN_BGNDE, PARTCPTN_ENDDE, DTY, SKLST)VALUES ('0006','e0052','2017-03-01','2017-08-01','11','JAVA');
INSERT INTO DEV_PRJCT (PRJCT_NUM, EMP_NUM, PARTCPTN_BGNDE, PARTCPTN_ENDDE, DTY, SKLST)VALUES ('0006','e0053','2017-03-01','2017-08-01','12','JAVA');
INSERT INTO DEV_PRJCT (PRJCT_NUM, EMP_NUM, PARTCPTN_BGNDE, PARTCPTN_ENDDE, DTY, SKLST)VALUES ('0006','e0054','2017-03-01','2017-08-01','13','JAVA');
INSERT INTO DEV_PRJCT (PRJCT_NUM, EMP_NUM, PARTCPTN_BGNDE, PARTCPTN_ENDDE, DTY, SKLST)VALUES ('0006','e0055','2017-03-01','2017-08-01','14','JAVA');
INSERT INTO DEV_PRJCT (PRJCT_NUM, EMP_NUM, PARTCPTN_BGNDE, PARTCPTN_ENDDE, DTY, SKLST)VALUES ('0006','e0056','2017-03-01','2017-08-01','15','JAVA');
INSERT INTO DEV_PRJCT (PRJCT_NUM, EMP_NUM, PARTCPTN_BGNDE, PARTCPTN_ENDDE, DTY, SKLST)VALUES ('0007','e0057','2018-02-01','2018-06-01','10','JAVA');
INSERT INTO DEV_PRJCT (PRJCT_NUM, EMP_NUM, PARTCPTN_BGNDE, PARTCPTN_ENDDE, DTY, SKLST)VALUES ('0007','e0058','2018-02-01','2018-06-01','11','JAVA');
INSERT INTO DEV_PRJCT (PRJCT_NUM, EMP_NUM, PARTCPTN_BGNDE, PARTCPTN_ENDDE, DTY, SKLST)VALUES ('0007','e0059','2018-02-01','2018-06-01','12','JAVA');
INSERT INTO DEV_PRJCT (PRJCT_NUM, EMP_NUM, PARTCPTN_BGNDE, PARTCPTN_ENDDE, DTY, SKLST)VALUES ('0007','e0060','2018-02-01','2018-06-01','13','JAVA');
INSERT INTO DEV_PRJCT (PRJCT_NUM, EMP_NUM, PARTCPTN_BGNDE, PARTCPTN_ENDDE, DTY, SKLST)VALUES ('0007','e0061','2018-02-01','2018-06-01','14','JAVA');
INSERT INTO DEV_PRJCT (PRJCT_NUM, EMP_NUM, PARTCPTN_BGNDE, PARTCPTN_ENDDE, DTY, SKLST)VALUES ('0007','e0062','2018-02-01','2018-06-01','15','JAVA');
INSERT INTO DEV_PRJCT (PRJCT_NUM, EMP_NUM, PARTCPTN_BGNDE, PARTCPTN_ENDDE, DTY, SKLST)VALUES ('0008','e0063','2018-03-01','2018-08-01','10','JAVA');
INSERT INTO DEV_PRJCT (PRJCT_NUM, EMP_NUM, PARTCPTN_BGNDE, PARTCPTN_ENDDE, DTY, SKLST)VALUES ('0008','e0064','2018-03-01','2018-08-01','11','JAVA');
INSERT INTO DEV_PRJCT (PRJCT_NUM, EMP_NUM, PARTCPTN_BGNDE, PARTCPTN_ENDDE, DTY, SKLST)VALUES ('0008','e0065','2018-03-01','2018-08-01','12','JAVA');
INSERT INTO DEV_PRJCT (PRJCT_NUM, EMP_NUM, PARTCPTN_BGNDE, PARTCPTN_ENDDE, DTY, SKLST)VALUES ('0008','e0066','2018-03-01','2018-08-01','13','JAVA');
INSERT INTO DEV_PRJCT (PRJCT_NUM, EMP_NUM, PARTCPTN_BGNDE, PARTCPTN_ENDDE, DTY, SKLST)VALUES ('0008','e0067','2018-03-01','2018-08-01','14','JAVA');
INSERT INTO DEV_PRJCT (PRJCT_NUM, EMP_NUM, PARTCPTN_BGNDE, PARTCPTN_ENDDE, DTY, SKLST)VALUES ('0008','e0068','2018-03-01','2018-08-01','15','JAVA');
INSERT INTO DEV_PRJCT (PRJCT_NUM, EMP_NUM, PARTCPTN_BGNDE, PARTCPTN_ENDDE, DTY, SKLST)VALUES ('0009','e0069','2018-05-01','2018-08-01','10','JAVA');
INSERT INTO DEV_PRJCT (PRJCT_NUM, EMP_NUM, PARTCPTN_BGNDE, PARTCPTN_ENDDE, DTY, SKLST)VALUES ('0009','e0070','2018-05-01','2018-08-01','11','JAVA');
INSERT INTO DEV_PRJCT (PRJCT_NUM, EMP_NUM, PARTCPTN_BGNDE, PARTCPTN_ENDDE, DTY, SKLST)VALUES ('0009','e0071','2018-05-01','2018-08-01','12','JAVA');
INSERT INTO DEV_PRJCT (PRJCT_NUM, EMP_NUM, PARTCPTN_BGNDE, PARTCPTN_ENDDE, DTY, SKLST)VALUES ('0009','e0072','2018-05-01','2018-08-01','13','JAVA');
INSERT INTO DEV_PRJCT (PRJCT_NUM, EMP_NUM, PARTCPTN_BGNDE, PARTCPTN_ENDDE, DTY, SKLST)VALUES ('0009','e0073','2018-05-01','2018-08-01','14','JAVA');
INSERT INTO DEV_PRJCT (PRJCT_NUM, EMP_NUM, PARTCPTN_BGNDE, PARTCPTN_ENDDE, DTY, SKLST)VALUES ('0009','e0074','2018-05-01','2018-08-01','15','JAVA');
INSERT INTO DEV_PRJCT (PRJCT_NUM, EMP_NUM, PARTCPTN_BGNDE, PARTCPTN_ENDDE, DTY, SKLST)VALUES ('0010','e0075','2018-08-01','2019-03-01','10','JAVA');
INSERT INTO DEV_PRJCT (PRJCT_NUM, EMP_NUM, PARTCPTN_BGNDE, PARTCPTN_ENDDE, DTY, SKLST)VALUES ('0010','e0076','2018-08-01','2019-03-01','11','JAVA');
INSERT INTO DEV_PRJCT (PRJCT_NUM, EMP_NUM, PARTCPTN_BGNDE, PARTCPTN_ENDDE, DTY, SKLST)VALUES ('0010','e0077','2018-08-01','2019-03-01','12','JAVA');
INSERT INTO DEV_PRJCT (PRJCT_NUM, EMP_NUM, PARTCPTN_BGNDE, PARTCPTN_ENDDE, DTY, SKLST)VALUES ('0010','e0078','2018-08-01','2019-03-01','13','JAVA');
INSERT INTO DEV_PRJCT (PRJCT_NUM, EMP_NUM, PARTCPTN_BGNDE, PARTCPTN_ENDDE, DTY, SKLST)VALUES ('0010','e0079','2018-08-01','2019-03-01','14','JAVA');
INSERT INTO DEV_PRJCT (PRJCT_NUM, EMP_NUM, PARTCPTN_BGNDE, PARTCPTN_ENDDE, DTY, SKLST)VALUES ('0010','e0080','2018-08-01','2019-03-01','15','JAVA');

INSERT INTO APRSL_EMP (APRSL_NUM, PRJCT_NUM)VALUES ('e0021','0001');
INSERT INTO APRSL_EMP (APRSL_NUM, PRJCT_NUM)VALUES ('e0023','0001');

INSERT INTO APRSL (APRSE, APRSL_NUM, PRJCT_NUM, APRSL_KND, APRSL_ITEM, GRAD, APRSL_CN)VALUES ('e0022','10','0001','고객평가','업무수행평가','7','Very Nice!');
INSERT INTO APRSL (APRSE, APRSL_NUM, PRJCT_NUM, APRSL_KND, APRSL_ITEM, GRAD, APRSL_CN)VALUES ('e0022','10','0001','고객평가','커뮤니케이션평가','7','Very Nice!');
INSERT INTO APRSL (APRSE, APRSL_NUM, PRJCT_NUM, APRSL_KND, APRSL_ITEM, GRAD, APRSL_CN)VALUES ('e0022','e0023','0001','동료평가','업무수행평가','7','Very Nice!');
INSERT INTO APRSL (APRSE, APRSL_NUM, PRJCT_NUM, APRSL_KND, APRSL_ITEM, GRAD, APRSL_CN)VALUES ('e0022','e0023','0001','동료평가','커뮤니케이션평가','7','Very Nice!');
INSERT INTO APRSL (APRSE, APRSL_NUM, PRJCT_NUM, APRSL_KND, APRSL_ITEM, GRAD, APRSL_CN)VALUES ('e0022','e0021','0001','PM평가','업무수행평가','7','Very Nice!');
INSERT INTO APRSL (APRSE, APRSL_NUM, PRJCT_NUM, APRSL_KND, APRSL_ITEM, GRAD, APRSL_CN)VALUES ('e0022','e0021','0001','PM평가','커뮤니케이션평가','7','Very Nice!');
